"464672876,2026-07-19T08:56:00Z,1405/04/28 12:26,میثم,zeinalian81699,twit,#اروند \nآثار مالی رأی دادگاه به نفع پتروشیمی اروند علیه پتروشیمی امیرکبیر\n\n۱. وصول مبلغ ۱,۷۰۶,۳۳۵ دلار\n\nبر اساس اسناد منتشر شده در سامانه کدال، پتروشیمی اروند پیشتر این مبلغ را بابت بدهی به پتروشیمی جم پرداخت کرده است. با رأی صادره، اروند اینک به طور قانونی این طلب را از امیرکبیر مطالبه خواهد کرد.\n\n۲. بازیابی هزینه‌های دادرسی و کارشناسی\n\nعلاوه بر اصل بدهی، دادگاه امیرکبیر را به پرداخت هزینه دادرسی، حق‌الوکاله و هزینه کارشناسی در حق پتروشیمی اروند محکوم کرده است.\n\n۳. بهبود نقدینگی و صورت‌های مالی اروند\n\nوصول این مبلغ به صورت مستقیم به بهبود شاخص‌های نقدینگی اروند کمک کرده و سودآوری را افزایش می‌دهد. همچنین با کاهش حساب‌های دریافتنی مشکوک‌الوصول، کیفیت دارایی‌ها در ترازنامه ارتقا می‌یابد.\n\n۴. تقویت اعتبار حقوقی و حقوق سهامداران اروند\n\nاین رأی نشان می‌دهد که اروند با پیگیری حقوقی جدی، موفق به احقاق حق خود شده است. این موضوع ضمن تقویت اعتماد سهامداران، پیام روشنی به طرف‌های تجاری درباره جدی بودن اروند در اجرای تعهدات قراردادی ارسال می‌کند.\n\n۵. ایجاد ذخیره مالی در صورت‌های امیرکبیر\n\nاز سوی دیگر، پتروشیمی امیرکبیر ناگزیر خواهد بود این بدهی را در صورت‌های مالی خود به عنوان بدهی معوق شناسایی کند که تأثیر منفی بر نسبت‌های بدهی و سودآوری این شرکت خواهد داشت.\n\n---\n\nتوجه: رأی صادره در مرحله تجدیدنظر قرار دارد و پتروشیمی امیرکبیر به آن اعتراض کرده است. در صورت قطعی شدن، آثار مالی فوق به طور کامل قابل اجرا خواهد بود"
"464672864,2026-07-19T08:55:37Z,1405/04/28 12:25,m.s,sep0702536601,twit,#بهپاک \n‌\nهمگروهی های بهپاک : غبشهر ، غکورش ، غدانه همگی با p/e های ۱۰ و حتی ۲۰ صف خرید 👌\n\nامان از دست فروشندگان .... بهپاک 🤔\n\nواقعا متوجه هستید چکار دارید با سرمایه خودتون انجام می دهید ؟\n\nآیا سهمی در گروه غذایی مثل بهپاک سراغ دارید که به تنهایی بیش از ۸۰ درصد از سهم بازار یک محصول را در ایران در انحصار خود داشته باشد ؟\n\nبا این گرانی روزافزون گوشت و مرغ ، مصرف سویا مرتبا در حال افزایش است و بهپاک تامین کننده بیش از ۸۰ درصد بازار ایران است 👌"
"464672849,2026-07-19T08:54:39Z,1405/04/28 12:24,میثم,zeinalian81699,twit,#اروند \nطبق اعلام مدیر عامل در مجمع عمومی عادی سالیانه ۱۴۰۴صدور رای به نفع اروند برای «دعوی حقوقی برای دریاچه نمک  » \n\nآثار مالی و راهبردی این رأی به نفع اروند عبارتند از:\n\n۱. تثبیت مالکیت و حذف ریسک حقوقی\nبا قطعی شدن رأی، مالکیت اروند بر این ۴۰ هکتار تثبیت می‌شود و پرونده دعوی علیه شرکت مختومه می‌گردد. این یعنی حذف یک بدهی احتمالی بزرگ از صورت‌های مالی و پایان ریسک سال‌ها بلاتکلیفی حقوقی.\n\n۲. ارزش‌افزایی مستقیم دارایی‌ها\nتثبیت مالکیت، این زمین را از یک دارایی باارزش اما پرریسک، به یک دارایی مطمئن و قابل اتکا تبدیل می‌کند که ارزش آن در ترازنامه به رسمیت شناخته می‌شود.\n\n۳. امکان بهره‌برداری اقتصادی و توسعه طرح‌های جدید\nاین زمین در مجاورت دریاچه نمک، منبع اصلی تأمین ماده اولیه (نمک) برای واحد شستشوی نمک اروند است. با رفع اختلاف، اروند می‌تواند:\n\n· تأمین پایدار مواد اولیه را بدون دغدغه حقوقی تضمین کند.\n· طرح‌های توسعه مانند احداث خطوط انتقال یا انبارهای جدید را بدون مانع اجرا نماید.\n\n۴. کاهش هزینه‌های عملیاتی و لجستیکی\nمالکیت قطعی، هزینه‌های ناشی از ممنوعیت‌های موقت یا اختلافات ملکی را حذف کرده و امکان برنامه‌ریزی بلندمدت برای بهینه‌سازی لجستیک تأمین آب نمک را فراهم می‌کند.\n\n۵. افزایش شفافیت و اعتماد سهامداران\nشفاف شدن وضعیت این دارایی کلیدی، اعتماد بازار و سهامداران را به مدیریت شرکت افزایش داده و به بهبود شاخص‌های حاکمیت شرکتی کمک می‌کند"
"464672843,2026-07-19T08:54:25Z,1405/04/28 12:24,ali84,mohamd70395,twit,دوستان هرکس سود مجمع عالی میخواد پارس دارو وهرکس میخواد سود بدون دردسر داشته باشد فلامی حال فکر کنید چه می‌خواهید؟"
"464672832,2026-07-19T08:53:50Z,1405/04/28 12:23,۵سال انتظار,soltan1364,twit,#تپکو داداش تند نرو\nبدنت گرمه\nمعلومه تازه از اومدی\nازاین حرفها و امثال تو خیلی ها اومدن و رفتن\nتوام با گرفتن ۱۰ درصد نوسان میری\nبس تند نرو\nنوسانت رو بگیر و بزن به چاک"
"464672829,2026-07-19T08:53:37Z,1405/04/28 12:23,مجید,majid1446,twit,#وصندوق صف خرید مبارکه کسی که دیروز گرفته بود راحت 6 درصد سود فردا هم احتمالا بسته میشه برا مجمع سود 350 تومانی"
"464670541,2026-07-19T07:39:56Z,1405/04/28 11:09,داود,market1,retwit,#وتجارت  پس اینجوری باشد ، تجارت با این همه سود انباشته پارسال و سالجاری و \nنرخ تسعیر ارز ، 2 میلیارد یورو مطالبات از وزارت نیرو ، ارزش چند هزار میلیاردی زمین یوسف آباد، برداشت سود هنگفت از معدن مس ،، \n  راحت امسال دو برابر قیمت فعلی بین 100 تا 150 تومن سود خواهد ساخت ...✅✅"
"464672808,2026-07-19T08:52:37Z,1405/04/28 12:22,saman,sami536,twit,#کرمان \nUPDATED \n52"
"464672805,2026-07-19T08:52:32Z,1405/04/28 12:22,مهدی,abdcefghijklmno,twit,#رمپنا فقط تو مجمع تا میتونید مدیر عامل رو مورد عنایت قرار بدید تا به خودش بیاد ع و ض ی"
"464672794,2026-07-19T08:52:04Z,1405/04/28 12:22,فرهاد خیرخواه,fah123459,twit,#وگردش تو هر سهمی از این پست ها دیدی بترس و منتظر سیگنال خروج باش"
